,CODIGOPRODUCTO,DESCRIPCION,CATEGORIA,AVG_PRICE
0,18110,HARIN. BLANC FLOR PREP. 1K 12BOL,Harinas,5.72
1,3003013,ACEIT. COCINERO FS 5L 4BDN SMI,Aceites,32.98
2,3103037,ACEIT. COCINERO 500CC 24BOT,Aceites,3.16
3,3120002,ACEIT. NORCHEFF VEGET 1LT 12BOT,Aceites,5.14
4,3126009,ACEIT. IDEAL NATURAL 1LT 12BOT AD,Aceites,7.63
5,3126012,ACEIT. IDEAL GIRASOL 1LT 12BOT AD,Aceites,8.12
6,3126030,ACEIT. SAO 200ML 24BOT,Aceites,1.6
7,3126038,ACEIT. IDEAL NATURAL 1LT 12BOT,Aceites,7.66
8,3126042,ACEIT. SAO GIRASOL 1LT 12BOT,Aceites,7.34
9,3201003,SOLIDO ATUN PRIMOR 170GR 48LTA,Conservas,4.65
10,3300018,CREMA DE AJI TARI 400GR 12DPK,Salsas,6.81
11,3300072,SALSA. NICOLINI PAST TOM 120GR 24DPK,Salsas,1.03
12,3300074,SALSA. ALACEN MAYONESA 95G 24DPK,Salsas,2.79
13,3300076,MAYONESA ALACENA 475GR.12DPK,Salsas,7.26
14,3300125,SALSA. NICOLINI CREM HUANCAI 390GR 12DPK,Salsas,4.81
15,3300140,SALSA ROJA DON VITTORIO 200GR.12DPK,Salsas,1.51
16,3300141,SALSA ROJA DON VITTORIO 400GR.12DPK,Salsas,2.69
17,3501019,UNTAB. MANTY 300GR 12POT,Untables Domesticos,3.13
18,4302047,NU.FID.DON VITTORIO RIGATONI 250GR 20BOL,Pastas,18.67
19,4302050,NU.FID.DON VITTORIO CANU.CH.250GR 20BOL,Pastas,18.23
20,4302056,NU.DON VITTORIO S.LETRAS/NUM 250GR 20BOL,Pastas,21.54
21,4304016,PASTA. LAVAG ARITO 250GR 20BOL,Pastas,16.42
22,4305041,PASTA. NICOLINI CORB.CHI 250GR 20BOL,Pastas,5.7
23,4400020,CARAM. SAY SURTIDO 1CJA 20BOL,Caramelos,3.8
24,4508024,GALL CASINO MENTA 43GR 6PQT 8PCK,Galletas,1.24
25,4508205,GALLE. VICT MARQUES COCO 6PQT 8PCK,Galletas,0.51
26,4508420,GALL MINIGLA TOFFEE C/RIS 55GR 6PQT 8PCK,Galletas,0.82
27,4508501,GALLE. VICT GLACIT TOFF 32G 6PQT 8PCK,Galletas,1.5
28,4508995,GALL CASINO BLK TRUFA 43.5GR 6PQT 8PCK,Galletas,0.49
29,4527169,GALL INTEGRACK TRIGO 30GR 9PQT 5PCK,Galletas,1.69
30,4527188,GALL SAY MARGARITA 163GR 20PQT,Galletas,1.0
31,4527189,GALL SAY MARGARITA 46.5GR 6PQT 8PCK,Galletas,1.11
32,4527190,GALLE. SAY MINI MARG 90GR 12PQT,Galletas,0.96
33,4527192,GALLE. SAY ZOOLOGIC 750GR 10PQT,Galletas,3.96
34,4527224,GALL MINITENT NARAN C/RIS 75GR 6PQT 8PCK,Galletas,0.87
35,5101810,POSTR. NEGRIT GELAT LIMO 160GR 12UN 1PQT,Postres,2.24
36,5205058,REFRE. NEG GEL.BEBI.PIÑA 20G 12UND 6DSP,Refrescos,0.67
37,6600000,PANET. MILANO 6BOL 900GR,Panetones,12.1
38,6701022,HARIN. BLANC FLOR SIN PREP. 1KG 12BOL,Harinas,3.73
39,8300000,LEJIA SAPOL ORIGINAL 335GR 15BOT,Lejias,0.83
40,8300018,PATITO LEJ.ORIG.4.0% 250G+23%X24+BOLSI,Lejias,0.76
41,8300019,PATITO LEJ.ORIG.4.0% 500G+23%X12+BOLSI,Lejias,1.17
42,8301108,ENJ.BUCAL DENTITO TUTI FRUTI 250ML 12UND,Enjuague Bucal,4.15
43,8303017,DET.SAP MATIC LIMON 2KG.6UND,Detergentes,14.39
44,8303019,DETER.SAPOLIO AMD C/ASA LIM 6KG 2UND,Detergentes,30.85
45,8303028,DETER.SAPOLIO AMD C/ASA BEBE 4000GR 4UND,Detergentes,41.47
46,8303038,DET.SAP.BEBE 800GR.15UND,Detergentes,5.2
47,8303057,DET.PAT.LIMON 640GR.15UND,Detergentes,4.01
48,8305016,LAVAVAJILLA LIMON SAPOLIO 360GR 12UND,Lavavajillas,1.93
49,8305031,LAVAV.LIMON.MELL.CE SAPOLIO 360GRX2 6UN,Lavavajillas,4.04
50,8305099,LAVAV.PATITO MANZANA MELL 180GRX2 12UND,Lavavajillas,1.92
51,8305104,LAVAV.CREMA PATITO MANZANA 900G 6UND,Lavavajillas,4.11
52,8306007,QUITAM.ROPA COLOR SAPOLIO 3785ML 4UND,Quitamanchas,13.98
53,13821,PASTA. ESPIGA DE ORO TORNILL 250G 20BOL,Pastas,0.56
54,3001008,ACEIT. PRIMOR FS 5L 4BDN SMI,Aceites,34.76
55,3101017,ACEIT. PRIMOR DEFENSAS 1LT 12BOT,Aceites,6.8
56,3103039,ACEIT. COCINERO 1LT 12BOT,Aceites,5.77
57,3106005,ACEIT. FRIOL SOYA 200CC 24BOT,Aceites,1.3
58,3112003,ACEITE NORCHEFF CO 900ML 12BOT,Aceites,4.92
59,3120008,ACEIT. NORCHEFF VEGET CC 1LT 12BOT,Aceites,3.94
60,3125000,"ACEIT. TRI ""A"" VEGET CC 1LT 12BOT",Aceites,3.59
61,3126008,ACEIT. SAO 3L 6BDN AD,Aceites,20.03
62,3202000,CONSE. NICOLINI FILETE ATUN 170GR 48LTA,Conservas,3.8
63,3300014,SALSA. TARÍ CREM DE AJI 10GR 240UND,Salsas,60.25
64,3300077,SALSA. ALACEN MAYONESA 950GR 6DPK,Salsas,13.94
65,3300096,SALSA. ALACEN KETCHUP 100GR 24DPK,Salsas,1.28
66,3300131,SALSA. NICOLINI TOMAT 160GR 24DPK,Salsas,0.72
67,3300161,SALSA. ALACEN MOSTAZA 220GR 12DPK,Salsas,2.71
68,3500024,UNTAB. SELLO DE ORO ESPARC. 90GR 20BRR,Untables Domesticos,18.16
69,4300004,PASTA. ALIANZ CAB.DE.ANG 250GR 40BOL,Pastas,0.71
70,4302041,PASTA. DON VITT LINGUI 500GR 20BOL,Pastas,27.31
71,4302049,PASTA. DON VITT ARITO 250GR 20BOL,Pastas,21.43
72,4304027,PASTA. LAVAG CORB.MED 250GR 20BOL,Pastas,7.52
73,4305032,PASTA. NICOLINI TALLA DEL. 500GR 20BOL,Pastas,1.77
74,4305054,NUEVO PACK NICOLINI SURTIDOS 250GR 20BOL,Pastas,0.74
75,4314007,PASTA. ESPIGA DE ORO TALLAR. 500G 20BOL,Pastas,1.12
76,4314009,PASTA. ESPIGA DE ORO CORB.GR 250G 20BOL,Pastas,0.58
77,4400009,CARAM. SAY IQUEÑOS 1CJA 20BOL,Caramelos,3.84
78,4400116,CARAMELO SAYON GAJO LIMON 110UND 16BOL,Caramelos,3.13
79,4504067,GALLE. CASIN WAFE CHOCO 36PQT,Galletas,0.8
80,4508023,GALL CASINO VAINILLA 43GR 6PQT 8PCK,Galletas,0.49
81,4508027,GALL CASINO LUCUMA 43GR 6PQT 8PCK,Galletas,1.11
82,4508208,GALLE. VICT MARQUES COCO 6PQT 8PCK,Galletas,2.9
83,4508301,GALLE. VICT CHOMP NARAN 6PQT 8PCK,Galletas,2.93
84,4508983,GALLE. VICT CASIN MENT TORRE X30PQT,Galletas,3.32
85,4527137,GALLE. VICT VAINILLA DIA 8PQT 5PCK,Galletas,1.39
86,4527159,GALLE. VICT TENTAC CHOCO PE 6PQT 8PCK,Galletas,2.93
87,4527160,GALLE. VICT TENTAC VAINIL PE 6PQT 8PCK,Galletas,3.26
88,51310,PILAS. PANAS GRANDE 1DSP 24PIL,Pilas SSCC,32.19
89,5205062,REF.NEGRITA MANGO 13G.12UND.08DSP,Refrescos,8.33
90,5802013,CAFÉ CAFETAL SELECTO 50GR 72BOL,Cafe SSCC,1.23
91,5802066,CAFÉ CAFETAL SELECTO 80GR 48BOL,Cafe SSCC,2.0
92,5802068,CAFÉ CAFETAL SELECTO 454GR 6BOL,Cafe SSCC,10.7
93,6706000,HARIN. ESPIGA DE ORO PREP. 1KG 12BOL,Harinas,4.15
94,6901057,PR.MEZ EXPERT BIZCOCHUELO 10KG,Pre Mezclas,70.39
95,7005001,MEJORAD. NICOLINI 5 KG,Insumos Panaderia,5.12
96,8301000,CR.DENTO T.ACC.75ML 12UND 12PCK,Pasta Dental,2.05
97,8301139,ENJ.BUCAL DENTO XTRA LYPTUS 250ML 12UND,Enjuague Bucal,4.7
98,8303023,DETER.SAPOLIO AMD C/ASA BEBE 8KG 2UND,Detergentes,28.4
99,8303059,DET.SAP.AMD MATIC BEBE 4KG.4UND,Detergentes,33.94
100,8303062,DET.AMOR SUAVE 2KG.6UND,Detergentes,22.89
101,8304036,AMOR SUAV. CLASICO F.NATURAL 1000ML X12,Suavizantes,5.53
102,8305024,LAVAV.LIQ.UL NARANJA SAPOLIO 500ML 12FCO,Lavavajillas,5.69
103,8305026,LAVAV.LIQ.UL LIMON SAPOLIO 500ML 12FCO,Lavavajillas,3.99
104,8305027,LAVAV.LIQ.UL MANZANA SAPOLIO 500ML 12FCO,Lavavajillas,3.73
105,2111,ACEIT. FRIOL SOYA 1LT 12BOT,Aceites,5.4
106,24716,GALL VICT CHOCOBUM 33.5GR 6PQT 8PCK,Galletas,1.56
107,26416,GALLE. VICT DIVAS 6PQT 8PCK,Galletas,2.73
108,3101012,ACEIT. PRIMOR VEGETAL 500ML 24BOT,Aceites,3.62
109,3107046,ACEIT. CIL 1LT 12BOT,Aceites,5.29
110,3107050,ACEIT. CIL 200CC 24BOT,Aceites,1.22
111,3120107,ACEITE TRI-A 100% SOYA 900 ML 12BOT(CBB),Aceites,6.61
112,3126032,ACEIT. IDEAL 200ML 24BOT,Aceites,1.67
113,3202001,CONSE. NICOLINI TROZOS ATUN 170GR 48LTA,Conservas,3.3
114,3300042,SALSA. ALACEN TOMATE 160GR 24UND,Salsas,0.82
115,3300068,SALSA. ALACEN GOLF 85GR 24DPK 1CJA,Salsas,2.08
116,3300213,SALSA. ALACEN TÁRTARA 200GR 12BOL 1CJA,Salsas,4.8
117,3300963,SALSA. ALACEN MOSTAZA 100GR 12BOL 1CJA,Salsas,1.16
118,3500012,UNTAB.SELLO DE ORO CC ESPARC. 45GR 24BRR,Untables Domesticos,16.87
119,3500025,UNTAB.SELLO DE ORO CC ESPARC. 90GR 20BRR,Untables Domesticos,22.2
120,3500102,MAR.IN. SELLO DE ORO ESPARC. 10KG 1BLD,Margarinas Industria,99.54
122,3702507,MANTE. SABROPAN VEG. COSTA 10KG 1CJA,Mantecas,47.67
123,4300012,PASTA. ALIANZ MACARRON 250G 20BOL,Pastas,0.87
124,4302045,NU.FID.DON VITTORIO TORNILLO 250G 20BOL,Pastas,18.1
125,4302048,NU.FID.DON VITTORIO CODO CH.250GR 20BOL,Pastas,21.51
126,4305031,PASTA. NICOLINI SPAGHET. 500GR 20BOL,Pastas,1.42
127,4305035,PASTA. NICOLINI TORNILL. 250GR 20BOL,Pastas,7.26
128,4305042,PASTA. NICOLINI CORBATA 250GR 20BOL,Pastas,13.24
129,4305055,FID. NICOLINI LETRAS NUMEROS 250G 20BOL,Pastas,0.69
130,4314006,PASTA. ESPIGA DE ORO SPAG. 500G 20BOL,Pastas,1.13
131,4314013,PASTA. ESPIGA DE ORO MACARR 250G 20BOL,Pastas,0.58
132,4400002,CARAM. SAY OJO LOCO 1CJA 20BOL,Caramelos,2.61
133,4400114,CARAM. SAY GAJO LIMON 16BOL 1CJA,Caramelos,3.04
134,4504061,WAF CASINO FRESA 33.5GR 6PQT 8PCK,Galletas,2.37
135,4508046,GALL CASINO CHOCO EXP 43GR 6PQT 20PCK,Galletas,3.02
136,4508047,GALL CASINO FRESA EXP 43GR 6PQT 20PCK,Galletas,2.98
137,4508275,GALLE. VICT SODA V PLAIN FAM 20PQT,Galletas,0.73
138,4508411,GALLE. VICT MINI CHOCOBUM 55GR 12PQT,Galletas,0.66
139,4508984,GALLE. VICT CASIN BLAC VAIN.TORR X30PQT,Galletas,1.5
140,4508985,GALLETA VICT CHOCO V 6UND 8PCK,Galletas,3.66
141,4508994,GALL CASINO BLK CANELA 43.5GR 6PQT 8PCK,Galletas,0.49
142,4509003,GALL CHOCOBUM POP C/RIS 55GR 6PQT 8PCK,Galletas,0.89
143,4527186,GALLE. SAY MARGARITA 6PQT 8PCK,Galletas,2.87
144,4527195,GALLE. SAY MINI MARG 75GR 12PQT,Galletas,0.82
145,4527206,GALL VICT TENTA VAINILLA 45GR 6PQT 8PCK,Galletas,1.36
146,5205045,REFRE. NEG GEL.BEBI.FRES 20G 12UND 6DSP,Refrescos,0.68
147,5205046,REFRE. NEG FRUTIS CHICH 20G 12UND 6DSP,Refrescos,6.62
148,5205049,REFRE. NEG FRUTIS MARAC 20G 12UND 6DSP,Refrescos,0.67
149,5802093,CAFÉ CAFETAL SELECTO 200GR 24BOL,Cafe SSCC,4.62
150,6901055,PR.MEZ EXPERT KEKE 10KG,Pre Mezclas,71.85
151,6901058,PR.MEZ EXPERT TORTA CHOC 10KG,Pre Mezclas,90.58
152,8301019,CR.DENTO T.ACC.ICE 75ML 12UND 12PCK,Pasta Dental,2.09
153,8301121,ENJ.BUCAL DENTO XTRA COOL 250ML 12UND,Enjuague Bucal,4.65
154,8301124,ENJ.BUCAL DENTO XTRA MINT 500ML 12UND,Enjuague Bucal,7.25
155,8301200,DENTO ENJUAGUE BUCAL EUCALIPTO 1 L X12,Enjuague Bucal,5.48
156,8303012,DETER.SAPOLIO FLORAL 450GR 20UND,Detergentes,2.98
157,2108,ACEIT. FRIOL 500CC 24BOT,Aceites,3.14
158,3020016,ACEIT. NORCHEFF CC SMI 5LT 4BDN,Aceites,29.24
159,3107045,ACEIT. CIL 500CC 24BOT,Aceites,3.15
160,3126002,ACEIT. SAO 5L 4BDN AD,Aceites,33.12
161,3201001,FILETE ATUN PRIMOR 170GR 48LTA,Conservas,4.23
162,3201002,TROZOS ATUN PRIMOR 170GR 48LTA,Conservas,3.61
163,3202002,CONSE. NICOLINI GRATED ATUN 170GR 48LTA,Conservas,2.64
164,3300029,SALSA. ALACEN MAYONESA 10CC 240UND,Salsas,58.74
165,3300078,SALSA. ALACEN MAYO LIGHT 100GR 24DPK,Salsas,2.58
166,3300124,SALSA. NICOLINI CREM HUANCAI 190GR 12DPK,Salsas,2.47
167,3300212,SALSA. ALACEN TÁRTARA 100GR 24BOL 1CJA,Salsas,2.33
168,3500017,UNTAB. SELLO DE ORO ESPARC. 400GR 12POT,Untables Domesticos,4.5
169,3500018,MAR.IN. SELLO DE ORO ESPARC. 2KG 5PQT,Margarinas Industria,105.9
170,3508,SALSA. ALACEN KETCHUP 8GR 240UND,Salsas,35.04
171,3517,SALSA. ALACEN KETCHUP 100GR 12BOL,Salsas,1.14
172,3702012,MANTE. FAMOSA COSTA 10KG 1CJA,Mantecas,27.14
173,37024,REFRE. NEGRIT PIÑA 15G 12UND 8DSP,Refrescos,8.58
174,4300003,PASTA. ALIANZ TALLARIN 500G 20BOL,Pastas,1.38
175,4300005,PASTA. ALIANZ CANUT GRAND 250G 20BOL,Pastas,0.73
176,4304021,PASTA. LAVAG CARACOL 250GR 20BOL,Pastas,3.0
177,4304043,PASTA. LAVAG COD.RAY.SUR 250GR 20BOL,Pastas,8.09
178,4305033,PASTA. NICOLINI TALLA GRUE. 500GR 20BOL,Pastas,3.49
179,4305064,FID.NICOLINI CODO MAQ. RAYADO 250G 40BOL,Pastas,0.73
180,4314017,PASTA. ESPIGA DE ORO MUNICI 250G 20BOL,Pastas,0.57
181,4314018,FID. ESPIGA DE ORO PLUMILLA 250G20BOL,Pastas,0.59
182,4314019,PASTA. ESPIGA DE ORO MINI COD 250G 20BOL,Pastas,0.58
183,4400051,CHICL. SAY CHICHA TWIST 1CJA 20BOL,Caramelos,6.07
184,4400115,CARAM. SAY BAMBI 120UN 20BOL 1CJA,Caramelos,3.14
185,4400212,CARAM. SAY FREEZE ICE CHERRY 1CJA 20BOL,Caramelos,4.28
186,4508026,GALL CASINO FRESA 43GR 6PQT 8PCK,Galletas,0.5
187,4508207,GALLE. VICT MARQUES NARA 6PQT 8PCK,Galletas,1.52
188,4508307,GALLE. VICT MINI CHOM NARA 12PQT 75GR,Galletas,0.85
189,4508313,GALL MINICHOMP NARA C/RIS 75GR 6PQT 8PCK,Galletas,0.79
190,4508500,GALL GLACITAS FRESA 32GR 6PQT 8PCK,Galletas,2.15
191,4508503,GALL GLACITAS CHOCO 32GR 6PQT 8PCK,Galletas,1.24
192,4527134,GALLE. SAY VAINILLA 8PQT 5PCK,Galletas,1.42
193,4527203,GALLE. KRAPS MINI 55GR 12PQT,Galletas,0.89
194,4527205,GALL VICT TENTA COCO 45GR 6PQT 8PCK,Galletas,0.49
195,4527220,GALL SAY MINIMARGA C/RIS 75GR 6PQT 8PCK,Galletas,0.81
196,4527221,GALL MINITENT VAINI C/RIS 75GR 6PQT 8PCK,Galletas,0.81
197,5205047,REFRE. NEG FRUTIS NARAN 20G 12UND 6DSP,Refrescos,6.78
198,5205063,REF.NEG. GEL. BEB. LIMÓN 6DSP 12UND 20G,Refrescos,0.69
199,6610005,PANET. BLANC FLOR 6BOL 900GR,Panetones,18.86
200,6610011,PANET. BLANC FLOR REDUX 6CJT 900G,Panetones,19.13
201,6901051,PR.MEZ EXPERT INTEGRAL 25KG,Pre Mezclas,91.79
202,8301003,CR.DENTO HERBAL 90GR 12UND 12PCK,Pasta Dental,1.42
203,8301014,CR.DENTO MENTA SIXPACK 75ML 12PCK,Pasta Dental,1.73
204,8301245,ENJ.BUCAL DENTO TOTAL 500ML 12UND            ,Enjuague Bucal,9.87
205,8304022,LIBRE ENJUAGUE BEBE AMOR 1000ML 12UND,Suavizantes,5.11
206,8304027,SUAV. CLASICO C.BEBE AMOR 1000ML 12UND,Suavizantes,5.55
207,8306010,QUITAM. ROPA COLOR SAPOLIO 1893ML 6UND,Quitamanchas,7.49
208,8309005,AROMA BRISA MARINA SAPOLIO 360ML 12UND,Cuidado del aire,4.34
209,13803,PASTA. ESPIGA DE ORO TALLAR 500G 20BOL,Pastas,1.15
210,17548,HARIN. NICOLINI INDUSTRIAL A GRANEL,Harinas,84.25
211,3101015,ACEIT. PRIMOR CORAZON 1LT 12BOT,Aceites,7.25
212,3107503,ACEITE CIL 1L 12BOT,Aceites,6.39
213,3120104,ACEITE TRI-A 100% SOYA 1L 12BOT,Aceites,6.31
214,3300017,CREMA DE AJI TARI 85GR 24DPK,Salsas,2.41
215,3300069,SALSA. ALACEN MAYONESA 8GR 240UND,Salsas,57.2
216,3300081,SALSA ROCOTO ALACENA ESP. JAYA 85G.24BOL,Salsas,1.67
217,3300138,SALSA ALACENA ROCOTO QURA 85G 24DPK,Salsas,3.27
218,3300150,SALSA. DON VITT VERDE COM 190GR 12DPK,Salsas,3.49
219,3300151,SALSA. DON VITT VERDE COM 390GR 12DPK,Salsas,6.54
220,37014,REFRE. NEGRIT NARANJ. 15G 12UND 8DSP,Refrescos,8.32
221,4300011,PASTA. ALIANZ TORNILLO 250G 20BOL,Pastas,0.73
222,4302042,NU.FID.DON VITTORIO LING.GR.500GR 20BOL,Pastas,27.24
223,4302051,NU.FID.DON VITTORIO CARA.CH.250GR 20BOL,Pastas,21.73
224,4302071,PASTA. DON VITT FETTUCCINI 500GR 20BOL,Pastas,2.83
225,4305036,PASTA. NICOLINI COD.RAY 250GR 20BOL,Pastas,2.43
226,4305038,PASTA. NICOLINI COD.CHIC. 250GR 20BOL,Pastas,2.07
227,4305040,PASTA. NICOLINI CAN.CHIC. 250GR 20BOL,Pastas,3.18
228,4305057,PASTA. NICOLINI CAN RAY/MACAR 250G 20BOL,Pastas,0.69
229,4314011,PASTA. ESPIGA DE ORO CARAC.CH 250G 20BOL,Pastas,0.56
230,4314012,PASTA. ESPIGA DE ORO COD.RAY 250G 20BOL,Pastas,0.57
231,4400010,CARAM. SAY MENTA CUADRAD 1CJA 20BOL,Caramelos,3.84
232,4400042,CARAM. SAY TOFFEE SURTID 1CJA 16BOL,Caramelos,4.93
233,4400117,CARAMELO SAYON BAMBI 110UND 20BOL,Caramelos,3.7
234,4504020,GALL VICT KRAPS 32.5GR 6PQT 8PCK,Galletas,2.48
235,4504062,WAF CASINO VAINI 33.5GR 6PQT 8PCK,Galletas,2.37
236,4504115,GALLE. VICT FIGURITAS 55GR 90PQT,Galletas,0.35
237,4504120,GALLE. DIA VAINILLA 10PQT 10PCK,Galletas,12.35
238,4508039,GALL CASINO VAINILLA EXP 43GR 6PQT 20PCK,Galletas,3.16
239,4508044,GALLE. VICT INTEGRAC.QUIN 9PQT 5PCK,Galletas,1.77
240,4508049,GALL CASINO COCO EXP 43GR 6PQT 20PCK,Galletas,3.01
241,4508270,GALLE. VICT SODA V ORIG 6PQT 36PCK,Galletas,1.23
242,4508300,GALLE. VICT CHOMP CHOCO 6PQT 8PCK,Galletas,2.95
243,4508306,GALLE. VICT MINI CHOM CHOC 12PQT 75GR,Galletas,0.87
244,4508308,GALL CHOMP CHOCO 38GR 6PQT 8PCK,Galletas,1.41
245,4508413,GALLE. VICT MINIGLAC TOFF 55GR 12PQT,Galletas,0.85
246,4527017,GALLE. SAY MARGARIT BLAN 6PQT 6PCK,Galletas,1.0
247,4527048,GALLE. SAY SODA CRACK 26GR 10UND 4PCK,Galletas,1.91
248,4527063,GALLE. SAY TARZAN VERD 80PQT,Galletas,0.37
249,4527187,GALLE. KRAPS MINI 60GR 12PQT,Galletas,0.84
250,4527196,GALLE. VICT MINITENT CHOC 75GR 12PQT,Galletas,0.87
251,4527197,GALLE. VICT MINITENT NARA 75GR 12PQT,Galletas,0.87
252,4527204,GALL VICT TENTA CHOCO 45GR 6PQT 8PCK,Galletas,1.37
253,5101115,POSTR. NEGRIT MAZAMOR PIÑA 160GR 12UND,Postres,2.05
254,5101116,POSTR. NEGRIT MAZAMOR DURAZ 160GR 12UND,Postres,2.08
255,5101804,POSTR. NEGRIT FLAN VAINI 95G 12UND 1 PQT,Postres,1.45
256,5101811,POSTR. NEGRIT GELAT GRAN 160GR 12UN 1PQT,Postres,2.25
257,51332,PILAS. PANAS CHICA 1DSP 20PIL,Pilas SSCC,11.06
258,5201331,REFRE. KANU CHICHA MOR 13G 12UN 8DSP,Refrescos,3.2
259,5205039,REFRE. NEGRIT CHICHA MOR 13G 12UND 8DSP,Refrescos,6.02
260,5205040,REFRE. NEGRIT NARAN 13G 12UND 8DSP,Refrescos,6.22
261,18226,HARIN. FAVORITA SIN PREP. 1K 6BOL,Harinas,3.03
262,18972,VAINI. NEGRIT 1L 1BOT,Rellenos y Cobertura,7.86
263,3101014,ACEIT. PRIMOR DESARROLL 1LT 12BOT,Aceites,8.38
264,3112002,ACEITE TRI-A CO 900ML 12BOT,Aceites,4.66
265,3300121,CREMA HUANCAINA ALACENA 400GR 12DPK,Salsas,6.52
266,4300006,PASTA. ALIANZ CANUT CHIC 250G 20BOL,Pastas,0.74
267,4302040,PASTA. DON VITT SPAG 500G 20BOL,Pastas,25.94
268,4302055,PASTA. DON VITT MUNICI 250GR 20BOL,Pastas,21.7
269,4304014,PASTA. LAVAG TALLAR 500GR 20BOL,Pastas,8.94
270,4304024,PASTA. LAVAG RIGAT 250GR 20BOL,Pastas,13.77
271,4305034,PASTA. NICOLINI CAB.ANG. 250GR 40BOL,Pastas,1.62
272,4305043,PASTA. NICOLINI FETTUC. HUE 500GR 20BOL,Pastas,24.76
273,4305046,PASTA. NICOLINI SPAGHETT 500GR 20BOL 1.7,Pastas,1.38
274,4305060,FID.NICOLINI TALLARIN MAQ. 500GR 20BOL,Pastas,1.45
275,4305063,FID.NICOLINI CORBATA MAQ. 250GR 40BOL,Pastas,0.7
276,4314008,PASTA. ESPIGA DE ORO CAB.ANGE 250G 40BOL,Pastas,0.56
277,4508206,GALLE. VICT MARQUES VAINIL 6PQT 8PCK,Galletas,1.56
278,4508274,GALLE. VICT SODA V PLAIN 6PQT 4PCK,Galletas,2.31
279,4508412,GALLE. VICT MINIGLAC CHOC 55GR 12PQT,Galletas,0.76
280,4527184,GALLE. SAY MARGARITA 20PQT 110GR,Galletas,0.77
281,4527193,GALLE. SAY TEJANA 480GR 8PQT,Galletas,6.36
282,4527207,GALL VICT TENTA NARANJA 45GR 6PQT 8PCK,Galletas,0.5
283,4527214,NU.GALLETA SAYON MARGARITA 20PQT.151GR,Galletas,1.18
284,4527223,GALL MINITENT COCO C/RIS 75GR 6PQT 8PCK,Galletas,0.81
285,4601000,CHOCO. BLANC FLOR TABLET TAZA 24DSP 12UN,Chocolate de Taza,0.96
286,5101818,POSTR. NEGRIT GELAT NARAN 150G 12UN 1PQT,Postres,2.41
287,5205052,REFRE. NEG FRUTIS MANDA 20G 12UND 6DSP,Refrescos,8.13
288,6400023,PILA PANASONIC CHICA 34.0GR 10DUO 12DSP,Pilas SSCC,8.48
289,6705000,SEMOL. LAVAG 200G 20BOL,Semolas,1.06
290,6821000,HARIN. DON LUCC ESP. 50KG,Harinas,95.16
291,8300028,PATITO LEJIA ORIGINAL 4.00% 1000G+10%X12,Lejias,2.27
292,8301102,CEP DENTO PREMIUM GRAB RT DUR.14UND 6DSP,Cepillos,1.42
293,8301104,CEP DENTO GALAXY NIÑOS 14UND 6DSP,Cepillos,1.44
294,8301109,ENJ.DENTITO CHICHA MORADA 250ML 12UND,Enjuague Bucal,4.14
295,8301123,ENJ.BUCAL DENTO XTRA COOL 500ML 12UND,Enjuague Bucal,7.46
296,8303027,DET.SAP.FLORAL 800GR.15UND,Detergentes,5.23
297,8303037,DET.SAP.LIMON 800GR.15UND,Detergentes,5.2
298,8303052,DETER.PATITO FLORAL 150G 60UND+3FIBRA,Detergentes,0.89
299,8305011,LAVAVAJILLA LIMON SAPOLIO 900GR 6UND,Lavavajillas,3.99
300,8305012,LAVAVAJILLA NARANJA SAPOLIO 900GR 6UND,Lavavajillas,4.43
301,8306002,ROPA BLANCA SAPOLIO 3785ML 4UND,Quitamanchas,15.33
302,8306003,ROPA COLOR SAPOLIO 1000ML 12UND,Quitamanchas,3.44
303,8309004,AROMA MANZAN.EN FLOR SAPOLIO 360ML 12UN,Cuidado del aire,4.96
304,8311005,SILICO.360ML+CERA AUTO.200G SAPOLIO 12UN,Cuidado de Auto,10.58
305,8314025,FIBRA VERDE SAPOLIO 12UND X 1DSP,Auxiliares de Limpie,1.19
306,8315017,WC POWER MAX NEGRO SAPOLIO 750ML 12UND,Limpiadores Especial,7.1
307,8315043,SACAGRASA LIMON SAPOLIO 500ML 24DPK,Limpiadores Especial,2.09
308,8316002,DESINF.LIMON SAPOLIO 900ML 12UND,Limpiadores Heavy Du,3.36
309,8316003,DESINF.LAVANDA SAPOLIO 900ML 12UND,Limpiadores Heavy Du,3.64
310,8316022,DESINF.SAPOL.PINO NATURAL 300ML 36UND,Limpiadores Heavy Du,1.24
311,8316032,LIMP.ACIDO SACASARRO SAPOLIO 1800ML 6UND,Limpiadores Heavy Du,4.32
312,16136,PASTA. LAVAG TALLARIN 500GR 20BOL,Pastas,1.95
313,3101013,ACEIT. PRIMOR PREMIUM 1LT 12BOT,Aceites,7.21
314,3126006,ACEIT. SAO 1LT 12BOT AD,Aceites,6.54
315,3126036,ACEIT. SAO 500ML 24BOT,Aceites,3.77
316,3300024,SALSA. ALACEN CREM HUANC 85GR 24BOL,Salsas,2.13
317,3300097,SALSA. ALACEN KETCHUP 380GR 12DPK,Salsas,3.73
318,3300098,SALSA. TARÍ CREM DE AJI 8GR 240UND,Salsas,56.68
319,3300111,UCHUCUTA ALACENA 400GR 12DPK,Salsas,6.7
320,3300120,CREMA HUANCAINA ALACENA 85GR 24DPK,Salsas,2.31
321,3301013,SALSA. MACBEL MAYON BASE 2X2KG 1CJA,Salsas,30.52
322,3501018,UNTAB. MANTY ESPARC. 95GR 24POT,Untables Domesticos,1.24
323,4300007,PASTA. ALIANZ CARACOL 250G 20BOL,Pastas,0.74
324,4302044,NU.FID.DON VITTORIO CANU.RAY.250GR 20BOL,Pastas,17.38
325,4302053,NU.FID.DON VITTORIO CORBA.CH.250G 20BOL,Pastas,22.15
326,4304015,PASTA. LAVAG CAB.ANGE 250GR 40BOL,Pastas,5.93
327,4304020,PASTA. LAVAG CANUT.RAY 250GR 20BOL,Pastas,3.7
328,4304022,PASTA. LAVAG COD.RAY 250GR 20BOL,Pastas,5.41
329,4305037,PASTA. NICOLINI RIGATONI 250GR 20BOL,Pastas,4.11
330,4305056,FID. NICOLINI OSTRAS CARACOL 250G 20BOL,Pastas,0.67
331,4314010,PASTA. ESPIGA DE ORO CANUT.CH 250G 20BOL,Pastas,0.56
332,4314016,PASTA. ESPIGA DE ORO ARITO 250G 20BOL,Pastas,0.58
333,4314021,FID. ESPIGA DE ORO LETR Y NUM 250G20BOL,Pastas,0.58
334,4400108,CARAM. SAY CHICHA MOR 1CJA 20BOL,Caramelos,3.78
335,4400112,CARAM. SAY YOG. FRESA 1CJA 20BOL,Caramelos,4.0
336,4504060,WAF CASINO CHOCO 33.5GR 6PQT 8PCK,Galletas,2.37
337,4504068,GALLE. CASIN WAFE FRESA 36PQT,Galletas,0.75
338,4508025,GALL CASINO CHOCO 43GR 6PQT 8PCK,Galletas,0.49
339,4508028,GALL CASINO COCO 43GR 6PQT 8PCK,Galletas,1.27
340,4508309,GALL CHOMP NARANJA 38GR 6PQT 8PCK,Galletas,1.72
341,4508312,GALL MINICHOMP CHOC C/RIS 75GR 6PQT 8PCK,Galletas,0.79
342,4508418,GALL MINICOCHOV C/RIS 50GR 6PQT 8PCK,Galletas,0.84
343,4527045,GALL SAY SODA GRANEL 250GR 12PQT,Galletas,11.45
344,4527161,GALLE. VICT TENTAC NARANJ PE 6PQT 8PCK,Galletas,2.97
345,4527168,GALL INTEGRACK MIEL 30GR 9PQT 5PCK,Galletas,1.67
346,4527211,GALL DIA KRAPS 73GR 36PQT,Galletas,0.66
347,4527222,GALL MINITENT CHOCO C/RIS 75GR 6PQT 8PCK,Galletas,0.82
348,5101114,POSTR. NEGRIT MAZAMOR MORADA 160GR 24UND,Postres,2.12
349,5201329,REFRE. KANU PIÑA LAZ 13G 12UN 8DSP,Refrescos,5.43
350,6702005,HARIN. FAVORITA SIN PREP.COC. 250G 18BOL,Harinas,11.25
351,6822012,HARIN. SAY ESP. PAN. TROPI 50KG,Harinas,94.73
352,7005000,LEVAD. NICOLINI INST. 500GR 20BOL,Insumos Panaderia,6.74
353,8300002,LEJIA SAPOL ORIGINAL 1100 GR 12BOT,Lejias,2.21
354,8300053,SAPOLIO LEJIA ORIGINAL F/REDON 4800GX4,Lejias,10.24
355,8301020,CR.DENTO T.ACC.150ML + CEPILLO 6UND 8PCK,Pasta Dental,4.24
356,8301021,CR.DENTO TOTAL 150ML + CEPILLO 6UND 8PCK,Pasta Dental,6.49
357,8301110,ENJ.BUCAL DENTITO FRESA 250ML 12UND,Enjuague Bucal,4.16
358,8301119,ENJUAGUE BUCAL M.GLACIAL DENTO 1L 6UND,Enjuague Bucal,6.96
359,8303011,DET.SAP.LIMON 450GR.20UND,Detergentes,2.99
360,8303014,DETER.SAPOLIO FLORAL 150GR 60UND,Detergentes,0.89
362,8303046,DETER. SAPO FLORAL 150G 60UND+3FIBRA,Detergentes,1.06
363,8304007,SUAV. CLASICO A.BEBE AMOR 450ML 24UND,Suavizantes,2.35
364,17631,HARIN. NICOLINI TROPICALIZADA.PP 50K,Harinas,90.56
365,18956,VAINI. NEGRIT 90ML 12BOT 12DSP,Rellenos y Cobertura,13.25
366,3020017,ACEIT. NORCHEFF CC 18LT 1BLD,Aceites,98.06
367,3101011,ACEIT. PRIMOR VEGETAL 1LT 12BOT,Aceites,6.31
368,3102100,ACEIT. CAPRI 1LT 12BOT,Aceites,7.33
369,3126004,ACEIT. IDEAL NATURAL 5L 4BDN AD,Aceites,33.35
370,3126013,ACEIT. SAO GIRASOL 1LT 12BOT AD,Aceites,7.48
371,3126039,ACEIT. IDEAL NATURAL 500ML 24BOT,Aceites,3.87
372,3126048,ACEIT. MIRASOL 900ML 12BOT COPSA,Aceites,6.43
373,3300026,MAYONESA ALACENA 2x1.9KG 1BLD,Salsas,56.39
374,3300075,SALSA. ALACEN MAYONESA 190GR 12DPK,Salsas,4.4
375,3300079,SALSA. ALACEN MAYO LIGHT 500GR 12DPK,Salsas,7.59
376,3300110,UCHUCUTA ALACENA 85GR 24DPK,Salsas,2.4
377,3300160,SALSA. ALACEN MOSTAZA 100GR 24DPK,Salsas,1.25
378,3500011,UNTAB. SELLO DE ORO ESPARC. 45GR 24BRR,Untables Domesticos,11.3
379,3501009,UNTAB. MANTY ESPARC. 45GR 24BRR,Untables Domesticos,14.56
380,4300000,PASTA. ALIANZ SPAGHETTI 500G 20BOL,Pastas,1.29
381,4300008,PASTA. ALIANZ COD.RAYAD 250G 20BOL,Pastas,0.73
382,4302043,NU.FID.DON VITTORIO CAB.ANG.250GR 40BOL,Pastas,23.19
383,4302046,NU.FID.DON VITTORIO COD.RAY.250G 20BOL,Pastas,1.2
384,4304013,PASTA. LAVAG SPAG 500GR 20BOL,Pastas,11.57
385,4304017,PASTA. LAVAG TORNILL 250GR 20BOL,Pastas,4.56
386,4304018,PASTA. LAVAG CANUT.CH 250GR 20BOL,Pastas,12.66
387,4305039,PASTA. NICOLINI ARITO 250GR 20BOL,Pastas,8.16
388,4305047,PASTA. NICOLINI TALLARIN 500GR 20BOL 1.7,Pastas,1.3
389,4305053,FID. MUNICION NICOLINI 250G 20BOL,Pastas,0.69
390,4400044,CARAM. SAY FRUKIDS 1CJA 16BOL,Caramelos,4.14
391,4400109,CARAM. SAY PERITAS 1CJA 20BOL,Caramelos,3.36
392,4400211,CARAM. SAY FREEZE ICE MENTHOL 1CJA 20BOL,Caramelos,4.28
393,4504119,GALLE. DIA SODA 10PQT 10PCK,Galletas,4.27
394,4508029,GALLE. VICT CASIN ALFAJ 6PQT 8PCK,Galletas,1.82
395,4508304,GALLE. VICT MINI CHOM CHOC 12PQT 80GR,Galletas,0.81
396,4508421,GALL MINIGLA CHOCO C/RIS 55GR 6PQT 8PCK,Galletas,0.82
397,4508504,GALLE. VICT GLACIT CHO.NIE 32G 6PQT 8PCK,Galletas,1.4
398,4508976,GALL CASINO BLK FRESA 43.5GR 6PQT 8PCK,Galletas,2.81
399,4508977,GALL CASINO BLK VAINI 43.5GR 6PQT 8PCK,Galletas,2.8
400,4508978,GALL CASINO BLK MENTA 43.5GR 6PQT 8PCK,Galletas,0.5
401,4527162,GALLE. VICT TENTAC COCO PE 6PQT 8PCK,Galletas,2.89
402,5101812,POSTR. NEGRIT GELAT UVA 160GR 12UN 1PQT,Postres,2.19
403,5101814,POSTR. NEGRIT PUDIN CHOC 110GR 12UN 1PQT,Postres,1.73
404,5101816,POSTR. NEGRIT GELAT FRESA 150G 24UN 1PQT,Postres,2.47
405,5101817,POSTR. NEGRIT GELAT PIÑA 150G 12UN 1PQT,Postres,2.43
406,51343,PILAS. PANAS AAA 1DSP 40PIL,Pilas SSCC,20.96
407,5201330,REFRE. KANU NARAN LAZ 13G 12UN 8DSP,Refrescos,5.57
408,5201332,REFRE. KANU MANGO 13G 12UN 8DSP,Refrescos,0.57
409,5205043,REFRE. NEGRIT MARACUY 13G 12UND 8DSP,Refrescos,6.45
410,5205048,REFRE. NEGRIT FRUTIS PIÑA 20G 12UND 6DSP,Refrescos,6.84
411,6701001,HARIN. BLANC FLOR PREP. 0.5K 12BOL,Harinas,2.92
412,8301024,GEL DENTITO CHICHA MORADA 85GR 12UN12PCK,Pasta Dental,1.85
413,8301101,CEP DENTO PREMIUM GRAB RT MED.14UND 6DSP,Cepillos,1.42
414,8301125,ENJ.BUCAL DENTO XTRA LYPTUS 500ML 12UND,Enjuague Bucal,7.22
415,8301138,CEP DENTO PREMIUM GRAB RT SUA.14UND 6DSP,Cepillos,1.41
416,8317002,LIMPIATODO FLORAL SAPOLIO 900ML 12UND,Limpiadores Light Du,2.37
417,8317013,LIMPIATODO BEBE SAPOLIO 3785ML 4UND,Limpiadores Light Du,10.27
418,8317021,LIMPIATODO BEBE SAPOLIO 900ML 12UND,Limpiadores Light Du,2.37
419,8317032,LIMPIATODO LAVANDA SAPOLIO 5L 4UND,Limpiadores Light Du,12.51
420,8317039,LIMPIATODO MANZANA SAPOLIO 250ML 24UND,Limpiadores Light Du,0.89
421,8317048,LIMPIATODO BEBE SAPOLIO 648ML 15UND,Limpiadores Light Du,1.54
422,8320002,HAND ALCOHOL GEL OCEAN AVAL 380ML 12UN,Gel Antibacterial,6.06
423,8320004,JABON LIQ.LAVANDA AVAL 400ML 12UND,Jabon Liquido,3.91
424,8320049,JAB.LIQ.AVAL CLAS ALM&MIEL 800ML 12UND,Jabon Liquido,5.08
425,8320058,JAB.LIQ.AVAL ANTIB.AQ.MARIN 1L 6UND,Jabon Liquido,8.28
426,8320059,JAB.LIQ.ANT.FERIA D FLOR AVAL 1000ML 6UN,Jabon Liquido,8.16
427,8320089,AVAL ALCOHOL EN GEL AMAZON 250MLX12,Gel Antibacterial,5.28
428,8320123,AVAL JAB.LIQ.ANTIB.FRUT ROJ REP400MX12,Jabon Liquido,4.42
429,8322004,DEO XTREME ROMANCE AVAL 160ML 12UND,Desodorantes,4.67
430,8400376,DETER. BOLIV TEC.ACTIVEDU FL 4.5KG 4BOL,Detergentes,42.18
431,8400378,DETER. BOLIV BLANCOS PERFECT 800GR 15BOL,Detergentes,7.29
432,8400379,DETER. BOLIV BLANCOS PERFECT 2.6KG 7BOL,Detergentes,28.38
433,8400384,DETER. BOLIV CON SUAVIZ 350GR 30BOL,Detergentes,3.66
434,8400385,DETER. BOLIV CON SUAVIZ 500GR 24BOL,Detergentes,4.63
435,8400388,DETER. BOLIV CON SUAVIZ 4.5KG 4BOL,Detergentes,46.49
436,8400497,DETER. BOLIV AROM SUAVIDAD 480GR 24BOL,Detergentes,3.74
437,8400555,DET.OPAL MANCHAS IMPOSIBLES 750GR.15BOL,Detergentes,5.69
438,8400566,DET. BOLIVAR EVOLUTION 2.4KG.6BOL,Detergentes,25.43
439,8400567,DET. BOLIVAR ACTIVE CARE 2.4KG.6BOL,Detergentes,25.43
440,8406066,DETER. OPAL ULTRA LIMON 4.5KG 4BOL,Detergentes,36.35
441,8406097,DETER. OPAL ADVANCE 2.6KG 7BOL,Detergentes,22.12
442,8406122,DETER. OPAL ULTRA C/QMANCHAS 500GR 24BOL,Detergentes,3.75
443,8406125,DETER. OPAL ULTRA C/QMANCHAS 800GR 15BOL,Detergentes,7.08
444,8406139,DETER. OPAL ULTRA 780GR 15BOL,Detergentes,5.53
445,8406160,DET.OPAL SPORTS 780GR.15BOL,Detergentes,5.52
446,8406190,DET. OPAL ADVANCE 2.4KG.6BOL,Detergentes,19.83
447,8408016,DETER. TROME BEBE 320GR 32BOL,Detergentes,1.55
448,8600041,JABON. BOLIV ANTIBAC. 240G 48BRR,Jabones de Lavar,3.02
449,8600093,JAB.BOLIV.PER.BLA.FLOR.P.DUO 210GR.48BRR,Jabones de Lavar,1.76
450,8600104,JABON. BOLIV B&K MANZANILLA 210G 48BRR,Jabones de Lavar,1.74
451,8606022,JABON. JUMB JUMBO ANTIBAC 230GR 40BRR,Jabones de Lavar,1.16
452,8606023,JABON. TROME FLORAL 220GR 40BRR,Jabones de Lavar,0.92
453,8606027,JABON JUMBO FRESCURA INTENSA 220G 40BRR,Jabones de Lavar,0.93
454,8700007,QUITA.POLV.OPAL 6SCHT 30GR 12UND C/COLAD,Quitamanchas,3.6
455,8817005,JAB PB LIQ RENOV DIA 400ML 12UND,Jabon Liquido,3.67
456,8303013,DETER.SAPOLIO BEBE 450GR 20UND,Detergentes,2.97
457,8303025,DETERG.AMDC/ASA LIMON SAPOLIO 4000GR 4UN,Detergentes,24.13
458,8303030,DET.SAPOLIO 15KG,Detergentes,54.97
459,8303031,DET.SAP.FLORAL 2KG.6UND,Detergentes,12.35
460,8303045,DETER. SAPO LIMON 150G 60UND+3FIBRA,Detergentes,1.05
461,8304001,SUAV.LAVANDA AMOR 5L 4UND,Suavizantes,24.36
462,8304020,LIBRE ENJUAGUE FLORES AMOR 1000ML 12UND,Suavizantes,4.94
463,8304032,SUAV.ARRULLO BEBE AMOR 3785ML 4UND,Suavizantes,19.01
464,8304035,AMOR LIBRE ENJUAGUE BEBE C/A 5L X4,Suavizantes,23.8
465,8306018,SAPOLIO ROPA COLOR SACHET 80ML X72,Quitamanchas,0.4
466,8309001,AROMA POTPOURRI SAPOLIO 360ML 12UND,Cuidado del aire,4.34
467,8309048,AROMA MANZANAYCANELA SAPOLIO 360ML 12UND,Cuidado del aire,2.48
468,8315033,ANTIHONGO SAPOLIO GT.RTO 650ML 12UND,Limpiadores Especial,7.54
469,8315045,LIMPIAVIDRIOS LAVANDA SAP.GT 650ML 12UND,Limpiadores Especial,4.73
470,8315047,SACAGRASA LIMON SAPOLIO GT 650ML 12UND,Limpiadores Especial,5.41
471,8316038,LIMPIADOR TUB. POLVO BAÑO SAP.450GR 12UN,Limpiadores Heavy Du,3.55
472,8317007,LIMPIATODO LAVANDA SAPOLIO 250ML 24UND,Limpiadores Light Du,0.88
473,8317026,LIMPIATODO PINO SAPOLIO 900ML 12UND EXP,Limpiadores Light Du,2.48
474,8317036,LIMPIATODO ROSAS SAPOLIO 5L 4UND,Limpiadores Light Du,12.59
475,8317049,LIMPIATODO ORQUIDEA SAPOLIO 1800ML 6UND,Limpiadores Light Du,4.83
476,8320001,HAND ALCOHOL GEL AMAZON AVAL 380ML 12UN,Gel Antibacterial,6.06
477,8320057,JABON LIQ.ANTIB.EUCALIP.AVAL 1000ML 6UN,Jabon Liquido,8.17
478,8320060,JAB. AVA ESP.ANTIB.NAZC.PUMP 400ML 12UND,Jabon Liquido,4.27
479,8320092,AVAL JAB LIQ.ANTIB.PAS.CITRICA 260ML X12,Jabon Liquido,4.68
480,8321001,SHAMPOO GEOMEN CABELLO GRASO 350ML 12UND,Shampoo,7.11
481,8322002,DEO XTREME COOL AVAL 160ML 12UND,Desodorantes,4.88
482,8322038,AVAL DEO XTREME CITRON SP.160ML X12,Desodorantes,4.63
483,8325004,INSEC.CASA&JARDIN SAPOLIO 360ML 12UND,Insecticidas,7.01
484,8325011,INSEC.MATATODO CONTROL 360ML 12UND,Insecticidas,5.92
485,8325029,INSEC.SAP.ARAÑAS OMS IV SP 360ML.12UND ,Insecticidas,6.31
486,8400205,DETER. BOLIV C/ SUAVIZANTE 4.5KG 4BOL,Detergentes,38.47
487,8400365,DETER. BOLIV EVOLUTION 800GR 15BOL,Detergentes,7.56
488,8400391,DETER. BOLIV MATIC 800GR 15BOL,Detergentes,7.24
489,8400414,DETER. BOLIV TEC.ANTIPER.FL 780GR 15BOL,Detergentes,6.01
490,8400437,DETER. BOLIV EVOLUTION 4.5KG 4BOL,Detergentes,42.16
491,8400467,DET.BOLIVAR AROM SUAVIDAD 780GR.15BOL,Detergentes,5.9
492,8400492,DET. BOLIVAR ACTIVE CARE FL. 330GR.30BOL,Detergentes,2.97
493,8400537,DET.BOLIVAR AROM SUAVIDAD 2.4KG.6BOL,Detergentes,25.45
494,8400546,DET. BOLIVAR ACTIVE CARE FL. 4.2KG.4BOL,Detergentes,41.47
495,8400553,DET.OPAL MANCHAS IMPOSIBLES 4.2KG.4BOL,Detergentes,31.79
496,8400564,DET. BOLIVAR EVOLUTION 450GR.24BOL,Detergentes,4.07
497,8400568,DET. BOLIVAR MATIC 2.4KG.6BOL,Detergentes,25.46
498,8404069,DETER. MARSELLA PETALOS RELAJ 780G 15BOL,Detergentes,5.0
499,8406067,DETER. OPAL ULTRA LIMON 520G 24BOL,Detergentes,3.82
500,8406095,DETER. OPAL ADVANCE 520GR 24BOL,Detergentes,4.03
501,8406138,DETER. OPAL ULTRA 500GR 24BOL,Detergentes,3.95
502,8406162,DET.OPAL SPORT 4.5KG.4BOL,Detergentes,29.73
503,8406188,DET. OPAL ADVANCE 450GR.24BOL,Detergentes,3.8
504,8408031,DETERGENTE TROME MULTIUSO 15KG,Detergentes,48.16
505,8410049,SAPOLIO DETERG.MATIC LIMON  2200GR/6,Detergentes,16.35
506,5205041,REFRE. NEGRIT PIÑA 13G 12UND 8DSP,Refrescos,6.39
507,5205042,REFRE. NEGRIT FRESA 13G 12UND 8DSP,Refrescos,6.98
508,5205044,REFRE. NEGRIT DURAZ 13G 12UND 8DSP,Refrescos,5.11
509,5205059,REFRE. NEG GEL.BEBI.NARA 20G 12UND 6DSP,Refrescos,0.67
510,8300001,LEJIA SAPOL ORIGINAL 670GR 15BOT,Lejias,1.35
511,8300021,LEJIA ORIG.SAPOLIO 250GR + 34% 15UND,Lejias,0.41
512,8300022,LEJIA ORIG.SAPOLIO 500GR + 34% 15UND,Lejias,1.2
513,8301001,CR.DENTO MENTA 150ML + CEPILLO 6UND 8PCK,Pasta Dental,4.25
514,8303021,DETER.SAPOLIO AMD C/ASA LIMON 8KG 2UND,Detergentes,46.8
515,8303029,DET.SAP.LIMON 2KG.6UND,Detergentes,12.33
516,8304002,SUAV.A.BEBE AMOR 5L 4UND,Suavizantes,24.76
517,8304021,LIBRE ENJUAGUE LAVANDA AMOR 1000ML 12UND,Suavizantes,5.19
518,8304033,AMOR LIBRE ENJUAGUE FLORES C/A/ 5L X 4,Suavizantes,23.91
519,8305013,LAVAVAJILLA T.FRUTI SAPOLIO 900GR 6UND,Lavavajillas,4.44
521,8305076,LAVAVAJILLA PATITO LIMÓN 1000G 6UND,Lavavajillas,3.41
522,8305098,LAVAV.PATITO LIMÓN MELL 180GRX2 12UND,Lavavajillas,1.93
523,8305100,LAVAV.PATITO UVA MELL 180GRX2 12UND,Lavavajillas,1.91
524,8305103,LAVAV.CREMA PATITO LIMÓN 900GR 6UND,Lavavajillas,4.03
525,8306017,SAPOLIO ROPA COLOR QUITAMA DP450ML/24,Quitamanchas,1.6
526,8309002,AROMA JARDIN DE ROSAS SAPOLIO 360ML 12UN,Cuidado del aire,4.33
527,8309009,AROMA VAINILLA SAPOLIO 360ML 12UND,Cuidado del aire,4.58
528,8311003,RENOV.LLANTA AUTO SAPOLIO 360ML 12UND,Cuidado de Auto,6.88
529,8312015,CERA AUTOB. AMAR. SAPOLIO 300ML 36UND,Cuidado de Piso,2.55
530,8312017,CERA AUTOB. NEUTRAL SAPOLIO 300ML 36UND,Cuidado de Piso,2.55
531,8315013,WC POWER MAX NEGRO SAPOLIO 500ML 12UND,Limpiadores Especial,5.57
532,8315030,LIMPIAHORNOS SAPOLIO 360ML 12UND,Limpiadores Especial,8.63
533,8316037,LIMPIAD.TUB.POLVO COCINA SAP.450GR 12UN,Limpiadores Heavy Du,3.52
534,8317008,LIMPIATODO FLORAL SAPOLIO 250ML 24UND,Limpiadores Light Du,0.88
535,8317017,LIMPIATODO ORQUIDEA SAPOLIO 900ML 12UND,Limpiadores Light Du,2.5
536,8317030,LIMPIATODO LAVANDA SAPOLIO 3785ML 4UND,Limpiadores Light Du,10.21
537,8317047,LIMPIATODO FLORAL SAPOLIO 648ML 15UND,Limpiadores Light Du,1.55
538,8317091,SAP.LIMPIATODO ROSA 3785ML X4**,Limpiadores Light Du,11.54
539,8322031,AVAL DEOCOLOGNE SPORT SP.90ML/12,Desodorantes,4.69
540,8322042,AVAL DEO XTREME SEXY SP.160ML X12,Desodorantes,4.64
541,8325002,INSEC.MATAMOSCA SAPOLIO 360ML 12UND,Insecticidas,6.15
542,8325006,INSEC.MATAPOLILLAS SAPOLIO 360ML 12UND,Insecticidas,6.67
543,8400002,DETER. BOLIV FLORAL 160GR 60BOL,Detergentes,1.75
544,8400084,DETER. BOLIV BLANCOS PERFECT 4.5KG 4BOL,Detergentes,37.75
545,8400393,DETER. BOLIV MATIC 4.5KG 4BOL,Detergentes,46.4
546,8400496,DETER. BOLIVAR AROM SUAVIDAD 330GR 30BOL,Detergentes,3.04
547,8400535,DET.BOLIVAR AROM SUAVIDAD 450GR 24BOL,Detergentes,4.01
548,8400538,DET.BOLIVAR AROM SUAVIDAD 4.2KG.4BOL,Detergentes,41.25
549,8404066,DETER. MARSELLA PETALOS RELAJ 150G 60BOL,Detergentes,1.04
550,8404084,DET.MARSELLA ALEGRIA TROP 2KG.7BOL,Detergentes,14.36
551,8404085,DETER.MARSELLA PETALOS RELAJ 330GR.30BOL,Detergentes,2.29
552,8406112,DETER. OPAL ULTRA C/QMANCHAS 4.5KG 4BOL,Detergentes,25.42
553,8406116,DETER. OPAL ADVANCE 350GR 30BOL,Detergentes,2.57
554,8406126,DETER. OPAL SPORT 150GR 60BOL,Detergentes,1.15
555,8406149,DETER. OPAL ADVANCE 780GR 15BOL,Detergentes,5.67
556,8306029,SAPOLIO ROPA COLOR 500+20% 600ML X12,Quitamanchas,2.11
557,8309000,AROMA LAVANDA SAPOLIO 360ML 12UND,Cuidado del aire,4.32
558,8310004,PLANCHA FACIL AMOR 650ML 12UND,Auxiliares de Lavand,4.46
559,8312062,SAPOLIO CERA PASTA AMARIL DP.300ML X36,Cuidado de Piso,3.02
560,8312064,SAPOLIO CERA PASTA NEGRA DP.300ML X36,Cuidado de Piso,2.99
561,8313005,BETUN NEGRO N4 SAPOLIO 100ML 144UND,Cuidado de Calzado,1.7
562,8315018,WC POWER PLUS AZUL SAPOLIO 500ML 12UND,Limpiadores Especial,5.09
563,8315056,ALCOHOL-ISOPROPILICO SAPOLIO 360ML 12UND,Limpiadores Especial,11.22
564,8315129,SACAGRASA NARANJA SAPOLIO 500ML 24DPK*,Limpiadores Especial,2.13
565,8316042,DESINF.MANZANA SAP. 5L 4UND,Limpiadores Heavy Du,16.74
566,8320010,JAB.LIQ.ANTIB.FRES.EUCAL.AVAL 400ML 12UN,Jabon Liquido,4.4
567,8320014,JAB.LIQ.ANTIBA.M.VAIN.AVAL 400ML 12UN,Jabon Liquido,4.4
568,8320016,JAB.LIQ.ANTIB.PAS.CITRIC.AVAL 400ML 12UN,Jabon Liquido,4.4
569,8320020,JABON. AVAL ESP.ANTIB.CARIBE 400ML 12UND,Jabon Liquido,4.32
570,8320028,JAB LIQ CLASI P.ROSA AVAL 800ML 12UND,Jabon Liquido,5.64
571,8322047,GEOMEN BODY SPRAY POWER 160ML X12,Desodorantes,5.07
572,8325016,INSEC.MATATODO SAPOLIO 360ML 12UND,Insecticidas,6.92
573,8400380,DETER. BOLIV BLANCOS PERFECT 4.5KG 4BOL,Detergentes,46.19
574,8400389,DET.BOLIVAR MATIC 350GR.30BOL,Detergentes,3.71
575,8400433,DETER. BOLIV EVOLUTION 350GR 30BOL,Detergentes,3.14
576,8400444,DET. BOLIVAR BABY 150GR.60BOL,Detergentes,1.45
577,8400468,DET.BOLIVAR AROM SUAVIDAD 2.6KG.7BOL,Detergentes,28.84
578,8400550,DET MARSELLA ALEGRIA TROP 750GR.15BOL,Detergentes,5.64
579,8400565,DET. BOLIVAR EVOLUTION 750GR.15BOL,Detergentes,6.26
580,8404071,DETER. MARSELLA PETALOS RELAJ 4KG 4BOL,Detergentes,27.41
581,8404080,DET.MARSELLA ALEGRIA TROP 150GR.60BOL,Detergentes,1.05
582,8404083,DET MARSELLA ALEGRIA TROP 780GR.15BOL,Detergentes,4.96
583,8404086,DETER.MARSELLA PETALOS RELAJ 480GR.24BOL,Detergentes,3.06
584,8404088,DETER.MARSELLA ALEGRIA TROP 480GR.24BOL,Detergentes,3.08
585,8406058,DETER. OPAL ULTRA FLORAL 1.5KG 8BOL,Detergentes,6.63
586,8406098,DETER. OPAL ADVANCE 4.5KG 4BOL,Detergentes,35.74
587,8406104,DETER. OPAL ULTRA 2.6KG 7BOL,Detergentes,19.94
588,8406118,DETER. OPAL ULTRA 150GR 60BOL,Detergentes,1.17
589,8406119,DETER. OPAL ULTRA 350GR 30BOL,Detergentes,2.55
590,8406123,DETER. OPAL ADVANCE 800GR 15BOL,Detergentes,5.57
591,8406124,DETER. OPAL ULTRA 800GR 15BOL,Detergentes,6.55
592,8406129,DETER. OPAL SPORT 800GR 15BOL,Detergentes,6.67
593,8406168,DETER. OPAL ANTIBACTERIAL 480GR.24BOL,Detergentes,3.41
594,8406187,DET. OPAL ULTRA FLORAL 140GR.60BOL,Detergentes,1.25
595,8408010,DETER. TROME FLORAL 150GR 60BOL,Detergentes,0.83
596,8408019,DETER. TROME SMART CITRICO 150GR 60BOL,Detergentes,0.92
597,8410148,DETER.SAPOLIO BEBE 140GR 60UND,Detergentes,1.03
598,8412003,DET.PAT.LIQ.LIMON 1000ML.UND,Detergentes,7.5
599,8412021,DET.PATITO FLORAL 140GR.60UND x PQT,Detergentes,0.76
600,8603020,JABON. MARSELLA LIMON 220GR 40BRR,Jabones de Lavar,1.56
601,8606021,JABON. JUMB JUMBO LIMON 230GR 40BRR,Jabones de Lavar,0.92
602,8606025,JABON. JUMB JUMBO FLORAL 220GR 40BRR,Jabones de Lavar,0.9
603,8700003,QUITA. OPAL LIQUIDO 20DPK 500ML,Quitamanchas,2.68
604,9350334,SUAVI. BOLIV BABY&KIDS 80ML 6SCH 24TIR,Suavizantes,4.57
605,9350357,SUAVI. BOL P.LIB.ENJ.LAV 80ML 6SCH 24TIR,Suavizantes,2.82
606,8309007,AROMA ARRULLOS DE BEBE SAP. 360ML 12UN,Cuidado del aire,4.32
607,8309008,AROMA ANTITABACO SAPOLIO 360ML 12UND,Cuidado del aire,4.34
608,8309043,PULSO RPTO P.FLORES SAPOLIO 12ML 12UND,Cuidado del aire,5.83
609,8311007,CLIP EMANAD+RPTO XTR.AUTO SAP.9ML 12UN,Cuidado de Auto,5.6
610,8311009,CLIP EMANAD+RPTO HAW.AUTO SAPO.9ML 12UN,Cuidado de Auto,5.8
611,8312006,CERA PASTA ROJA SAPOLIO 300ML 36UND,Cuidado de Piso,2.82
612,8312008,CERA SAPOL PASTA NEGRA 300ML 36UND,Cuidado de Piso,2.82
613,8312019,CERA AUTOB. NEUTR SAPOLIO 3785ML 4UND,Cuidado de Piso,23.28
614,8313138,BETUN SAPOL.NEGRO N4 88ML 12UND 12DSP,Cuidado de Calzado,0.87
615,8314018,ESPONJA CLASICA VERDE SAPOLIO 96UND,Auxiliares de Limpie,2.23
616,8314019,PAÑO YA AZUL/BLANCO SAPOLIO 3X16X6,Auxiliares de Limpie,1.82
617,8315026,WC TANQUE AZUL SAPOLIO 45GR 12UND,Limpiadores Especial,3.46
618,8315027,WC WATERMATIC AZUL SAPOLIO 110GR 6UND,Limpiadores Especial,6.46
619,8316034,LIMPIAD.REP.POLVO COCINA SAP.450GR 24UN,Limpiadores Heavy Du,2.36
620,8316035,LIMPIAD.REP POLVO BAÑO SAP.450GR 24UND,Limpiadores Heavy Du,2.17
621,8316036,LIMPIADOR CREMOSO SAPOLIO 750GR 12UND,Limpiadores Heavy Du,4.87
622,8317009,LIMPIATODO BEBE SAPOLIO 250ML 24UND,Limpiadores Light Du,0.89
623,8317029,LIMPIATODO BEBE SAPOLIO 1800ML 6UND,Limpiadores Light Du,4.5
624,8317031,LIMPIATODO FLORAL SAPOLIO 3785ML 4UND,Limpiadores Light Du,10.29
625,8317046,LIMPIATODO LAVANDA SAPOLIO 648ML 15UND,Limpiadores Light Du,1.55
626,8318008,AVAL ESPUMA AFEIT MENTOLADA 90MLX12,Afeitado,4.37
627,8319021,REPELENTE VT! LOCION 100ML.6UND,Protectores de Piel,8.46
628,8320003,HAND ALCOHOL GEL NATURAL AVAL 380ML 12UN,Gel Antibacterial,6.06
629,8320005,JABON LIQ.P.ROSAS AVAL 400ML 12UND,Jabon Liquido,3.88
630,8320007,JABON LIQ.MANZ. AVAL 400ML 12UND,Jabon Liquido,3.97
631,8320009,JABON LIQ.ALMENDRA AVAL 400ML 12UND EXP,Jabon Liquido,3.77
632,8320011,JAB.LIQ.RELAJ.PUMP AROMT.AVAL 400ML 12UN,Jabon Liquido,3.96
633,8320013,JAB. AVAL LIQ.REFRS.PUMP.ARO 400ML 12UND,Jabon Liquido,3.7
634,8320122,AVAL JAB.LIQ.ANTIB.VAINILL REP400M X12,Jabon Liquido,4.78
635,8322013,BODY SPRAY AQUA GEOMEN 160ML 12UND,Desodorantes,4.95
636,8322035,AVAL DEOCOLOGNE FANTASY SP.90ML/12,Desodorantes,4.62
637,8322045,GEOMEN BODY SPRAY SPORT 160ML X12,Desodorantes,5.03
638,8325003,INSE.MATAMOSCA S/OLOR SAPOLIO 360ML 12UN,Insecticidas,7.37
639,8400056,DETER. BOLIV MATIC 4.5KG 4BOL,Detergentes,37.64
640,8400204,DETER. BOLIV C/ SUAVIZANTE 2.6KG 7BOL,Detergentes,23.46
641,8400371,DETER. BOLIV TEC.ACTIVEDU FL 350GR 30BOL,Detergentes,3.63
642,8400382,DETER. BOLIV COLORES VIVOS 2.6KG 7BOL,Detergentes,28.7
643,8400390,DET.BOLIVAR MATIC 500GR 24BOL,Detergentes,4.06
644,8400445,DET. BOLIVAR BABY 750GR.16BOL,Detergentes,8.98
645,8400446,DET. BOLIVAR BABY 1.5KG.8BOL,Detergentes,20.87
646,8400493,DET. BOLIVAR ACTIVE CARE FL. 480GR.24BOL,Detergentes,3.76
647,8400508,DET. BOLIVAR AROM Y SUAVIDAD 880GR.15BOL,Detergentes,6.09
648,8400556,DET.OPAL MANCHAS IMPOSIBLES 2.5KG.6BOL,Detergentes,19.85
649,8400558,DET.OPAL ANTIBACTERIAL PLUS 750GR.15BOL,Detergentes,5.69
650,8404070,DETER. MARSELLA PETALOS RELAJ 2KG 7BOL,Detergentes,15.47
651,8406117,DETER. OPAL ADVANCE 500GR 24BOL,Detergentes,3.41
652,8406194,DET.OPAL ULTRA FLORAL 750GR.15BOL,Detergentes,5.78
653,8410122,DETER. SAPOLIO LIMON 800GR 15BOL,Detergentes,5.1
654,8410147,DETER.SAPOLIO FLORAL 140GR 60UND,Detergentes,0.97
655,8412018,PATITO DETERG.AMS BEBE 1600GRX6,Detergentes,9.63
656,8306016,QUITAM.ROPA COLOR SAP.250+20%300ML 24UND,Quitamanchas,1.17
657,8309003,AROMA FRUTAS FRESCAS SAPOLIO 360ML 12UND,Cuidado del aire,4.3
658,8310006,CUELLOS Y PUÑOS AMOR 500ML 24UND,Auxiliares de Lavand,5.37
659,8312010,CERA SAPOL PASTA ROJA 3785ML 4UND,Cuidado de Piso,36.48
660,8314000,PAÑO SAPOLIO ABSORVENTE 8UND,Auxiliares de Limpie,12.38
661,8314001,PAÑO SAPOL.AMARILLO X20 4UND 4PCK,Auxiliares de Limpie,11.56
662,8314017,ESPONJA SALVAUÑAS VERDE SAPOLIO 3X16X6,Auxiliares de Limpie,2.11
663,8315000,LUSTRAMUEBLE LAVANDA PREMIO 360ML 12UND,Limpiadores Especial,7.01
664,8315057,WC CANASTA FLORAL SAPOLIO 35GR 6UND,Limpiadores Especial,5.65
665,8316012,DESINF.PINO NATURAL SAPOLIO 900ML 12UND,Limpiadores Heavy Du,3.4
666,8316013,DESINF.MANZANA SAPOLIO 900ML 12UND,Limpiadores Heavy Du,2.36
667,8316015,DESINF. LIMON SAPOLIO 5L 4UND,Limpiadores Heavy Du,16.67
668,8316019,DESINF.PINO NATURAL SAPOLIO 3785ML 4UND,Limpiadores Heavy Du,11.72
669,8316021,DESINF.LAVANDA SAPOLIO 3785ML 4UND,Limpiadores Heavy Du,13.32
670,8316026,DESATORADOR BAÑO SAPOLIO 980ML 12UND,Limpiadores Heavy Du,6.66
671,8316094,SAP.DESINF.MANZANA FCO 3785ML X4,Limpiadores Heavy Du,14.53
672,8317014,LIMPIATODO LAVANDA SAPOLIO 900ML 12UND,Limpiadores Light Du,2.37
673,8317018,LIMPIATODO MANZANA SAPOLIO 900ML 12UND,Limpiadores Light Du,2.63
674,8319000,REPELENTE CREMA VT! 100ML 6UND,Protectores de Piel,7.85
675,8320000,HAND ALCOHOL GEL NATURAL AVAL 120ML 24UN,Gel Antibacterial,7.63
676,8320006,JABON LIQ.LIMON AVAL 400ML 12UND,Jabon Liquido,3.92
677,8320056,JAB.LIQ.ANTIB.FRUT.ROJ. AVAL 1000ML 6UN,Jabon Liquido,8.26
678,8320090,AVAL ALCOHOL EN GEL OCEAN 250MLX12,Gel Antibacterial,5.78
679,8320091,AVAL ALCOHOL EN GEL NATUR 250MLX12,Gel Antibacterial,6.67
680,8320164,HAND ALCOHOL EN GEL AVAL NEUT.400ML 8UND,Gel Antibacterial,6.06
681,8321002,SH. F.HIDRAT. CAB.SECO GEOMEN 350ML 12UN,Shampoo,7.4
682,8325009,INSEC.MATAACAROS SAPOLIO 360ML 12UND,Insecticidas,8.59
683,8325038,SAP.INSEC.MAT POLILLA SP.360ML BAJ X12,Insecticidas,5.99
684,8400374,DETER. BOLIV TEC.ACTIVEDU FL 1.5KG 8BOL,Detergentes,15.3
685,8400392,DETER. BOLIV MATIC 2.6KG 7BOL,Detergentes,25.56
686,8400423,DETER. BOLIV MATIC 780GR 15BOL,Detergentes,6.09
687,8400432,DETER. BOLIV EVOLUTION 150GR 60BOL,Detergentes,1.74
688,8400436,DETER. BOLIV EVOLUTION 2.6KG 7BOL,Detergentes,28.4
689,8400495,DETER. OPAL ULTRA 480GR.24BOL,Detergentes,3.43
690,8400536,DET.BOLIVAR AROM SUAVIDAD 750GR.15BOL,Detergentes,6.14
691,8400547,DETER.MARSELLA PETALOS RELAJ 450GR.24BOL,Detergentes,3.38
692,8400560,DET.OPAL ANTIBACTERIAL PLUS 4.2KG.4BOL,Detergentes,31.64
693,8400563,DET. BOLIVAR ACTIVE CARE 450GR.24BOL,Detergentes,3.99
694,8404073,DET.MARSELLA ESENCIAS BOSQUE 150GR.60BOL,Detergentes,2.44
695,8404075,DET.MARSELLA ESENCIAS BOSQUE 500GR.24BOL,Detergentes,2.91
696,8404077,DET.MARSELLA ESENCIAS BOSQUE 2KG.7BOL,Detergentes,17.01
697,8404087,DETER.MARSELLA ALEGRIA TROP 330GR.30BOL,Detergentes,2.32
698,8404702,DET. MARSELLA PROFESIONAL 13.5KG,Detergentes,81.34
699,8406052,DETER. OPAL ULTRA FLORAL 520GR 30BOL,Detergentes,3.43
700,8406103,DETER. OPAL ULTRA 1.5KG 8BOL,Detergentes,12.02
701,8406121,DETER. OPAL ULTRA C/QMANCHAS 350GR 30BOL,Detergentes,2.84
702,8406159,DET.OPAL SPORT 500GR.24BOL,Detergentes,3.47
703,8406167,DETER. OPAL ANTIBACTERIAL 330GR.30BOL,Detergentes,2.54
704,8406170,DETER. OPAL ANTIBACTERIAL 2.6KG.7BOL,Detergentes,19.23
705,8408018,DETER. TROME SMART BEBE 150GR 60BOL,Detergentes,0.87
706,8301148,CEP DENTO PREM.GRAB ZZ SUA.X3 8BLS 6DSP,Cepillos,1.46
707,8303010,DETER.SAPOLIO LIMON 150GR 60UND,Detergentes,0.89
708,8303018,DETER.SAPOL.AMD C/ASA FLORAL 4000GR 4UND,Detergentes,24.01
709,8303040,DET.AMOR SUAVE ROPA DELICADA 800GR.15UND,Detergentes,10.44
710,8303042,DETER. PATITO BEBE 150G 60UND+3FIBRA,Detergentes,0.88
711,8303050,DETER.SAPOLIO BEBE 150GR 60UND,Detergentes,0.9
712,8304006,SUAV. CLASICO D.LAVAN AMOR 450ML 24UND,Suavizantes,2.32
713,8304016,SUAV. CLASICO C.BEBE AMOR 1900ML 6UND,Suavizantes,10.67
714,8305025,LAVAV.LIQ.UL NEUTRO SAPOLIO 500ML 12FCO,Lavavajillas,3.73
715,8305028,LAVAV.LIMON.MELL.CE SAPOLIO 180GRX2 12UN,Lavavajillas,2.13
716,8306014,ROPA COLOR SAPOLIO 600ML 12UND,Quitamanchas,2.11
717,8309041,PULSO RPTO LAVANDA SAPOLIO 12ML 12UND,Cuidado del aire,5.83
718,8310007,CUELLOS Y PUÑOS AMOR 650ML 12UND,Auxiliares de Lavand,9.45
719,8312005,CERA PASTA AMARILLA SAPOLIO 300ML 36UND,Cuidado de Piso,2.82
720,8312009,CERA SAPOL PASTA AMARILL 3785ML 4UND,Cuidado de Piso,36.15
721,8312013,CERA SAPOL AL AGUA LAV 300ML 36UND,Cuidado de Piso,1.48
722,8312016,CERA AUTOB. ROJA SAPOLIO 300ML 36UND,Cuidado de Piso,2.54
723,8314120,SAPOLIO FIBRA VERDE +2 BETUNES #3 2X12,Auxiliares de Limpie,0.74
724,8315133,SACAGRASA NARANJA SAPOLIO GT 650ML12UND*,Limpiadores Especial,6.07
725,8316025,DESATORADOR COCINA SAPOLIO 980ML 12UND,Limpiadores Heavy Du,6.63
726,8316031,LIMP.ACIDO SACASARRO SAPOLIO 980ML 12UND,Limpiadores Heavy Du,2.44
727,8317012,LIMPIATODO LIMON SAPOLIO 3785ML 4UND,Limpiadores Light Du,10.28
728,8317016,LIMPIATODO ROSAS SAPOLIO 900ML 12UND,Limpiadores Light Du,2.4
729,8317034,LIMPIATODO BEBE SAPOLIO 5L 4UND,Limpiadores Light Du,13.2
730,8317035,LIMPIATODO LIMON SAPOLIO 5L 4UND,Limpiadores Light Du,12.86
731,8317054,LIMPIATODO ROSAS SAPOLIO 3785ML 4UND,Limpiadores Light Du,10.11
732,8318004,ESPUMA AFEIT E.FRESCA AVAL 200ML 12UND,Afeitado,4.51
733,8320008,JABON LIQ.TROPICAL AVAL 400ML 12UND EXP,Jabon Liquido,3.72
734,8321000,SH. F.REFR.CAB.NORMAL GEOMEN 350ML 12UN,Shampoo,7.46
735,8322041,AVAL DEO XTREME LAVANDER SP.160ML X12,Desodorantes,4.59
736,8325000,INSEC.MATACUCARACHA SAPOLIO 360ML 12UND,Insecticidas,6.04
737,8400370,DETER. BOLIV TEC.ACTIVEDU FL 150GR 60BOL,Detergentes,1.53
738,8400372,DETER. BOLIV TEC.ACTIVEDU FL 500GR 24BOL,Detergentes,4.53
739,8400387,DETER. BOLIV CON SUAVIZ 2.6KG 7BOL,Detergentes,28.56
740,8400416,DETER. BOLIV TEC.ANTIPER.FL 2.6KG 7BOL,Detergentes,28.47
741,8400429,DET.BOLIVAR CON SUAVIZANTE 780GR.15BOL,Detergentes,5.96
742,8400435,DETER. BOLIV EVOLUTION 780GR 15BOL,Detergentes,5.95
743,8400494,DETER. OPAL ULTRA 330GR.30BOL,Detergentes,2.54
744,8400552,DET.OPAL MANCHAS IMPOSIBLES 330GR.30BOL,Detergentes,2.58
745,8400559,DET.OPAL ANTIBACTERIAL PLUS 2.4KG.6BOL,Detergentes,19.83
746,8400570,DET. BOLIVAR MATIC 4.2KG.4BOL,Detergentes,41.32
747,8400580,DET. BOLIVAR ACTIVE CARE FL. 750GR.15BOL,Detergentes,6.21
748,8404068,DETER. MARSELLA PETALOS RELAJ 500G 24BOL,Detergentes,3.6
749,8404074,DET.MARSELLA ESENCIAS BOSQUE 350GR.30BOL,Detergentes,2.64
750,8404076,DET MARSELLA ESENCIAS BOSQUE 780GR.15BOL,Detergentes,5.7
751,8404079,DET.MARSELLA AROMATERAP.GORD.280GR.35BOL,Detergentes,1.54
752,8404701,DETER. MARSELLA PROFESIONAL 2 14KG,Detergentes,80.65
753,8406115,DETER. OPAL ADVANCE 150GR 60BOL,Detergentes,1.15
754,8406127,DETER. OPAL SPORT 350GR 30BOL,Detergentes,2.47
755,8406169,DETER. OPAL ANTIBACTERIAL 780GR.15BOL,Detergentes,5.38
756,8304009,SUAV CLASICO F.NATURAL AMOR 1900ML 6UND,Suavizantes,10.74
757,8304013,LIBRE ENJUA.B.FLORES AMOR 80ML 72UND,Suavizantes,4.21
758,8309006,AROMA AROMAS DE BOSQUE SAP. 360ML 12UN,Cuidado del aire,4.45
759,8312018,CERA SAPOL AUTOBR.NEGRA 300ML 36UND,Cuidado de Piso,2.44
760,8312026,CERA PASTA VERDE SAP.300ML 36UND,Cuidado de Piso,2.87
761,8312030,CERA PASTA SAP.NEUTRAL BALDE 3785ML.4UND,Cuidado de Piso,4.22
762,8313137,BETUN SAPOL.MARRON N3 42ML 12UND 12DSP,Cuidado de Calzado,0.92
763,8315014,WC POWER PLUS AZUL SAPOLIO 750ML 12UND,Limpiadores Especial,5.86
764,8315028,WC CANASTA PINO SAPOLIO 35GR 6UND,Limpiadores Especial,5.44
765,8315042,LIMPIAVIDRIOS LAVANDA SAP.DP 500ML 24DPK,Limpiadores Especial,1.84
766,8315084,SAPOLIO W.C.TANQUE AZUL 45G CAJT X1X12,Limpiadores Especial,3.43
767,8315128,LIMPIAVIDRIOS LAVANDA SAP.DP 500ML24DPK*,Limpiadores Especial,1.8
768,8315130,SAP.SACAGRASA LIMON DP.500MLX24,Limpiadores Especial,2.13
769,8316030,SACASARRO SAPOLIO 500ML 12UND,Limpiadores Heavy Du,4.24
770,8316033,LIMP.ACIDO SACASARRO SAPOLIO 3600ML 4UND,Limpiadores Heavy Du,7.87
771,8317019,LIMPIATODO LIMON SAPOLIO 900ML 12UND,Limpiadores Light Du,2.4
772,8317020,LIMPIATODO MARINO SAPOLIO 900ML 12UND,Limpiadores Light Du,2.43
773,8317033,LIMPIATODO FLORAL SAPOLIO 5L 4UND,Limpiadores Light Du,12.54
774,8317040,LIMPIATODO VAINILLA SAPOL.900ML 12UND EX,Limpiadores Light Du,2.51
775,8319022,REPELENTE VT! SP.160ML.12UND,Protectores de Piel,8.91
776,8320025,JAB.LIQ.CLASICO PARAÍSO AVAL 5L 4UND,Jabon Liquido,30.7
777,8321003,SHAMPOO 2EN1 GEOMEN 350ML 12UND,Shampoo,7.39
778,8322046,GEOMEN BODY SPRAY FRESH 160ML X12,Desodorantes,4.95
779,8325008,INSEC.MATAARAÑAS SAPOLIO 360ML 12UND,Insecticidas,6.12
780,8325010,INSEC.MATAHORMIGAS SAPOLIO 100GR 12UND,Insecticidas,4.29
781,8325015,ELEC.ZANCUDOS EMANADOR+PASTILLA SAP.6UN,Insecticidas,9.4
782,8325034,SAP.INSEC.MATA MOSCA SP.+20%432ML X12,Insecticidas,6.86
783,8326062,DENTO 3 CREM DENTAL 150ML+CEP X 6 GRAT,Pasta Dental,4.95
784,8400082,DETER. BOLIV BLANCOS PERFECT 2.6KG 7BOL,Detergentes,23.67
785,8400102,DETER. BOLIV EVOLUTION 150GR 60BOL,Detergentes,1.55
786,8400348,DETER. BOLIV C/ SUAVIZANTE 500GR 24BOL,Detergentes,3.92
787,8400349,DETER. BOLIV MATIC 350GR 30BOL,Detergentes,3.03
788,8400373,DETER. BOLIV TEC.ACTIVEDU FL 800GR 15BOL,Detergentes,7.72
789,8400383,DETER. BOLIV COLORES VIVOS 4.5KG 4BOL,Detergentes,46.61
790,8400409,DETER. BOLIV FLORAL 850GR 15BOL,Detergentes,7.36
791,8400434,DETER. BOLIV EVOLUTION 500GR 24BOL,Detergentes,3.95
792,8400548,DET MARSELLA PETALOS RELAJ 750GR.15BOL,Detergentes,5.68
793,8400549,DETER.MARSELLA ALEGRIA TROP 450GR.24BOL,Detergentes,3.39
794,8400554,DET.OPAL MANCHAS IMPOSIBLES 450GR.24BOL,Detergentes,3.71
795,8400561,DET. BOLIVAR ACTIVE CARE 140GR60BOL,Detergentes,1.57
796,8404067,DETER. MARSELLA PETALOS RELAJ 350G 30BOL,Detergentes,4.13
797,8406096,DETER. OPAL ADVANCE 850GR 15BOL,Detergentes,6.7
798,8406105,DETER. OPAL ULTRA 4.5KG 4BOL,Detergentes,32.21
799,8406111,DETER. OPAL ULTRA C/QMANCHAS 2.6KG 7BOL,Detergentes,24.05
800,8406154,DET.OPAL ULTRA C/QUITAMA 780GR.15BOL,Detergentes,6.08
801,8406179,DETER. OPAL ULTRA FLORAL 280GR.35BOL,Detergentes,1.78
802,8408015,DETER. TROME FLORAL 320GR 32BOL,Detergentes,1.55
803,8410023,DET.SAPOLIO MATIC AMS BEBE 2KG.6UND,Detergentes,16.69
804,8410121,DETER. SAPOLIO LIMON 450GR 20BOL,Detergentes,2.96
805,8600044,JABON. BOLIV ANTIBAC. BO 220G 48BRR,Jabones de Lavar,1.66
806,8410145,DETER.SAPOLIO 14KG,Detergentes,60.39
807,8412022,DET.PATITO BEBE 140GR.60UND X PQT,Detergentes,0.72
808,8605008,JABON. TROME LIMON 230GR 40BRR,Jabones de Lavar,0.93
809,8606033,JABON JUMBO LIMON 210GR 40BRR,Jabones de Lavar,1.13
810,8700001,QUITA. OPAL POLVO 12DPK 450GR,Quitamanchas,13.22
811,8817003,JAB PB LIQ HIDRAT CREM 400ML 12UND,Jabon Liquido,3.65
812,8858948,JAB PB TOC HUMECTACION 125GR 81UND,Jabon de Tocador,1.42
813,9350111,SUA BOL ENJ. PLUS EXOT 90ML 6SCHT 24TIR,Suavizantes,5.3
814,9350324,SUAVI. BOLIV AROM ACTIV 2.85L 6FCO,Suavizantes,22.79
815,9350362,SUAVI. BOL P.LIB.ENJ.ORQ 80ML 6SCH 24TIR,Suavizantes,3.55
816,9350373,SUAV. BOL. PLUS LAVANDA 400mL 12DYPK,Suavizantes,3.53
817,9550009,LAVAV. MARSELLA+ESP 150ML 6UN 4TIR,Lavavajillas,8.91
818,9550016,LAVAV. MARSELLA 300ML 12FCO,Lavavajillas,2.11
819,8406166,DETER. OPAL ANTIBACTERIAL 150GR.60BOL,Detergentes,1.17
820,8406171,DETER. OPAL ANTIBACTERIAL 4.5KG.4BOL,Detergentes,30.34
821,8410071,SAPOLIO DETERG.BEBE 2000G X6,Detergentes,14.44
822,8410127,DETER. SAPOLIO FLORAL 150GR 60BOL,Detergentes,0.86
823,8412034,DETER. PATITO FLORAL 150GR 60UND EXP.,Detergentes,0.71
824,8600095,JAB.BOLIV.PER.BLA.LIM P.DUO 210GR.48BRR,Jabones de Lavar,1.74
825,8606020,JABON. JUMB JUMBO FLORAL 230GR 40BRR,Jabones de Lavar,0.95
826,8606024,JABON. TROME LIMON 220GR 40BRR,Jabones de Lavar,0.95
827,8606026,JABON. JUMB JUMBO LIMON 220GR 40BRR,Jabones de Lavar,0.91
828,8606032,JABON JUMBO FLORAL 210GR 40BRR,Jabones de Lavar,1.11
829,8858775,JAB PB TOC SENSA NUTRI 125GR 81UND,Jabon de Tocador,1.32
830,9350354,SUAVI. BOLIV ARO ACTIV 1.9L 6FCO,Suavizantes,17.2
831,9350355,SUA.BOL.ARO.ACTIV 2.8L.6FCO,Suavizantes,22.14
832,9350361,SUAVI. BOLIV P.LIB.ENJ.LAV 2.8L 6FCO,Suavizantes,21.42
833,9350363,SUAVI. BOLIV P.LIB.ENJ.ORQ 2.8L 6FCO,Suavizantes,11.71
834,9350364,SUAVI. BOLIV P.LIB.ENJ JAZ 2.8L 6FCO,Suavizantes,18.16
835,9350365,SUAV BOL SEN HOLA FELIC  80 mL 6SH24 TIR,Suavizantes,3.89
836,9350369,SUAVI. BOLIV SENS HOLA RELAX 800ML 12FCO,Suavizantes,10.45
837,9350382,SUAV. BOLIVAR BEBE 2800ML 6FCO,Suavizantes,18.64
838,9550014,LAVAVAJILLAS MARSELLA 150ML.22DPK NF,Lavavajillas,1.08
839,8603024,JABON. MARSELLA LIMON 210GR 40BRR,Jabones de Lavar,1.5
840,8603025,JABON. MARSELLA FLORAL 210GR 40BRR,Jabones de Lavar,1.61
841,8700019,QUITA. OPAL LIQUIDO 20DPK 450ML TR,Quitamanchas,2.14
842,9350309,SUAVI. BOLIV PLUS EXOTIC 1.9L 6FCO,Suavizantes,15.84
843,9350311,SUAVI. BOLIV PLUS EXOTIC 2.85L 6FCO,Suavizantes,22.7
844,9350352,SUA.BOL.ARO.ACTIV 80ML 6SCH.24TIR,Suavizantes,2.88
845,9350353,SUA.BOL.ARO.ACTIV 800ML.12FCO,Suavizantes,6.59
846,9350359,SUA.BOL.P.LIB.ENJU.LAV 800ML.12FCO,Suavizantes,6.4
847,9350366,SUAVI. BOLIV SENS HOLA FELIC 800ML 12FCO,Suavizantes,6.88
848,9350368,SUAV BOL SEN HOLA RELAX  80 ML 6SH24 TIR,Suavizantes,4.05
849,9550019,LAVAV. MARSELLA +PRECIO 300ML 12FCO,Lavavajillas,2.53
850,9550021,LAVAV. MARSELLA 900ML 9FCO,Lavavajillas,5.65
851,8406189,DET. OPAL ADVANCE 750GR.15BOL,Detergentes,5.85
852,8408017,DETER. TROME SMART FLORAL 150GR 60BOL,Detergentes,0.95
853,8408021,DETER. TROME SMART FLORAL 320GR 32BOL,Detergentes,1.65
854,8408030,DETER. TROME FLORAL SAN JUAN 150GR 60BOL,Detergentes,0.88
855,8412020,DET.PATITO LIMON 140GR.60UND.XPQT,Detergentes,0.7
856,8600107,JABON BOLIVAR COCO 210GR.48BRR,Jabones de Lavar,2.4
857,8700021,QUITA. OPAL LIQ. ROPA COL TR 20FCO 500ML,Quitamanchas,2.2
858,8858946,JAB PB TOC NUTRICION 125GR 81UND,Jabon de Tocador,1.31
859,8858950,JAB PB TOC ENERGIA 125GR 81UND,Jabon de Tocador,1.38
860,9350385,SUAV.BOL. BB MANZANILLA 800ML 12FCO,Suavizantes,5.79
861,8410146,DETER.SAPOLIO LIMON 140GR 60UND,Detergentes,0.98
862,8412002,DET.PAT.LIQ.FLORAL 1000ML.UND,Detergentes,7.6
863,8606029,JABON TROME FLORAL 210GR 40BRR,Jabones de Lavar,0.97
864,8700008,QUITA. OPAL LIQUIDO 12FCO 850ML,Quitamanchas,6.37
865,8700013,QUITA.LIQ.OPAL 6SCHT 100ML 12UND C/COLAD,Quitamanchas,3.37
866,8700017,QUITA. OPAL LIQUIDO 20DPK 250ML,Quitamanchas,1.36
867,8700020,QUITA. OPAL LIQ. ROPA COL TR 20FR 250ML,Quitamanchas,1.38
868,8700027,QUITA. OPAL LIQ. ROP COL 100ML 6SCT 12TR,Quitamanchas,4.25
869,8817004,JAB PB LIQ HUMECT NATU 400ML 12UND,Jabon Liquido,3.68
870,9350307,SUAVI. BOLIV PLUS EXOTIC 800ML 12FCO,Suavizantes,7.85
871,9350350,SUAV. BOLIVAR AROMA ACTIVO 1.3L.9FCO,Suavizantes,14.19
872,9350351,SUAV.BOLIVAR GENERACION.BB 800ML.12FCO,Suavizantes,6.59
873,8600077,JABON. BOLIV ANTIBAC. 210G 48BRR,Jabones de Lavar,1.79
874,8600091,JABON. BOLIV ANTIBAC P.DUO 210G 48BRR,Jabones de Lavar,1.66
875,8600099,JAB. BOLIVAR BABY 210GR.48BRR,Jabones de Lavar,1.74
876,8603021,JABON. MARSELLA FLORAL 220GR 40BRR,Jabones de Lavar,1.56
877,8605009,JABON. TROME FLORAL 230GR 40BRR,Jabones de Lavar,0.93
878,8606030,JABON TROME LIMON 210GR 40BRR,Jabones de Lavar,1.02
879,8700016,QUITA. OPAL LIQUIDO 20DPK 450ML MO,Quitamanchas,2.09
880,8858774,JAB PB TOC DETOX 125GR 81UND,Jabon de Tocador,1.36
881,9350102,SUA BOL ENJ. FRUTAS INT 85ML 6SCHT 24TIR,Suavizantes,2.19
882,9350112,ENJ BOL PLUS CUID.DELI 90ML 6SCHT 24TIR,Suavizantes,5.38
883,9350360,SUAVI. BOLIV P.LIB.ENJ.LAV 1.9L 6FCO,Suavizantes,18.2
884,9350372,SUAV. BOL. A. ACTIVO N  400mL 12DYPK,Suavizantes,2.63
885,9550017,LAVAV. MARSELLA 590ML 12FCO,Lavavajillas,3.93
